Season,Team ID,Team,Pokemon
6,347,Singapore Sableyes,Landorus-Therian
6,347,Singapore Sableyes,Volcanion
6,347,Singapore Sableyes,Terrakion
6,347,Singapore Sableyes,Roserade
6,347,Singapore Sableyes,Staraptor
6,347,Singapore Sableyes,Mesprit
6,347,Singapore Sableyes,Persian-Alola
6,347,Singapore Sableyes,Klefki
6,347,Singapore Sableyes,Cryogonal
6,347,Singapore Sableyes,Misdreavus
6,347,Singapore Sableyes,Ampharos-Mega
6,348,Mega Aggron and His Good Blobs,Latios
6,348,Mega Aggron and His Good Blobs,Aggron-Mega
6,348,Mega Aggron and His Good Blobs,Blissey
6,348,Mega Aggron and His Good Blobs,Darmanitan
6,348,Mega Aggron and His Good Blobs,Chesnaught
6,348,Mega Aggron and His Good Blobs,Gengar
6,348,Mega Aggron and His Good Blobs,Avalugg
6,348,Mega Aggron and His Good Blobs,Gastrodon
6,348,Mega Aggron and His Good Blobs,Azumarill
6,348,Mega Aggron and His Good Blobs,Raichu
6,348,Mega Aggron and His Good Blobs,Vullaby
6,349,Cape Town Krookodiles,Tapu Fini
6,349,Cape Town Krookodiles,Infernape
6,349,Cape Town Krookodiles,Hydreigon
6,349,Cape Town Krookodiles,Scizor-Mega
6,349,Cape Town Krookodiles,Uxie
6,349,Cape Town Krookodiles,Rotom-Mow
6,349,Cape Town Krookodiles,Lycanroc-Dusk
6,349,Cape Town Krookodiles,Nidoking
6,349,Cape Town Krookodiles,Regice
6,349,Cape Town Krookodiles,Audino
6,349,Cape Town Krookodiles,Chatot
6,350,EverGarden Eevee,Sylveon
6,350,EverGarden Eevee,Magnezone
6,350,EverGarden Eevee,Azelf
6,350,EverGarden Eevee,Mantine
6,350,EverGarden Eevee,Arcanine
6,350,EverGarden Eevee,Pangoro
6,350,EverGarden Eevee,Diancie
6,350,EverGarden Eevee,Beedrill-Mega
6,350,EverGarden Eevee,Garchomp
6,350,EverGarden Eevee,Drifblim
6,350,EverGarden Eevee,Leafeon
6,351,Columbus Tornadus,Mew
6,351,Columbus Tornadus,Lucario
6,351,Columbus Tornadus,Thundurus
6,351,Columbus Tornadus,Altaria-Mega
6,351,Columbus Tornadus,Forretress
6,351,Columbus Tornadus,Araquanid
6,351,Columbus Tornadus,Palossand
6,351,Columbus Tornadus,Lickilicky
6,351,Columbus Tornadus,Lycanroc-Midnight
6,351,Columbus Tornadus,Spiritomb
6,351,Columbus Tornadus,Toucannon
6,352,London Umbreons,Celesteela
6,352,London Umbreons,Nihilego
6,352,London Umbreons,Buzzwole
6,352,London Umbreons,Guzzlord
6,352,London Umbreons,Cofagrigus
6,352,London Umbreons,Porygon2
6,352,London Umbreons,Donphan
6,352,London Umbreons,Lanturn
6,352,London Umbreons,Talonflame
6,352,London Umbreons,Poipole
6,352,London Umbreons,Alakazam-Mega
6,353,Minnesota Hyperfangs,Kyurem-Black
6,353,Minnesota Hyperfangs,Rotom-Wash
6,353,Minnesota Hyperfangs,Florges
6,353,Minnesota Hyperfangs,Cobalion
6,353,Minnesota Hyperfangs,Shaymin
6,353,Minnesota Hyperfangs,Blaziken
6,353,Minnesota Hyperfangs,Ribombee
6,353,Minnesota Hyperfangs,Piloswine
6,353,Minnesota Hyperfangs,Sandslash
6,353,Minnesota Hyperfangs,Manectric
6,353,Minnesota Hyperfangs,Pinsir-Mega
6,354,Charming Sylveon,Tornadus-Therian
6,354,Charming Sylveon,Heatran
6,354,Charming Sylveon,Milotic
6,354,Charming Sylveon,Venusaur-Mega
6,354,Charming Sylveon,Gligar
6,354,Charming Sylveon,Gardevoir
6,354,Charming Sylveon,Hitmonchan
6,354,Charming Sylveon,Haxorus
6,354,Charming Sylveon,Heliolisk
6,354,Charming Sylveon,Dusclops
6,354,Charming Sylveon,Rampardos
6,355,Kajaani Sceptiles,Lopunny-Mega
6,355,Kajaani Sceptiles,Tyranitar
6,355,Kajaani Sceptiles,Slowbro
6,355,Kajaani Sceptiles,Scizor
6,355,Kajaani Sceptiles,Ninetales-Alola
6,355,Kajaani Sceptiles,Dragalge
6,355,Kajaani Sceptiles,Silvally
6,355,Kajaani Sceptiles,Mudsdale
6,355,Kajaani Sceptiles,Rotom-Fan
6,355,Kajaani Sceptiles,Stoutland
6,355,Kajaani Sceptiles,Gogoat
6,356,Colorado Mamoswine,Victini
6,356,Colorado Mamoswine,Latias
6,356,Colorado Mamoswine,Gallade-Mega
6,356,Colorado Mamoswine,Slowking
6,356,Colorado Mamoswine,Celebi
6,356,Colorado Mamoswine,Meloetta
6,356,Colorado Mamoswine,Moltres
6,356,Colorado Mamoswine,Claydol
6,356,Colorado Mamoswine,Metang
6,356,Colorado Mamoswine,Mr.Mime
6,356,Colorado Mamoswine,Meowstic
6,357,St. John Sharpedoes,Jirachi
6,357,St. John Sharpedoes,Charizard-Mega-Y
6,357,St. John Sharpedoes,Mienshao
6,357,St. John Sharpedoes,Swampert
6,357,St. John Sharpedoes,Goodra
6,357,St. John Sharpedoes,Sceptile
6,357,St. John Sharpedoes,Primarina
6,357,St. John Sharpedoes,Tentacruel
6,357,St. John Sharpedoes,Rotom
6,357,St. John Sharpedoes,Tauros
6,357,St. John Sharpedoes,Malamar
6,358,Sundsvall Seels,Zeraora
6,358,Sundsvall Seels,Kartana
6,358,Sundsvall Seels,Krookodile
6,358,Sundsvall Seels,Floette-Eternal
6,358,Sundsvall Seels,Kommo-o
6,358,Sundsvall Seels,Froslass
6,358,Sundsvall Seels,Sigilyph
6,358,Sundsvall Seels,Aerodactyl-Mega
6,358,Sundsvall Seels,Pyroar
6,358,Sundsvall Seels,Muk
6,358,Sundsvall Seels,Alomomola
6,359,Mega Audino and Her Good Birds,Thundurus-Therian
6,359,Mega Audino and Her Good Birds,Gliscor
6,359,Mega Audino and Her Good Birds,Skarmory
6,359,Mega Audino and Her Good Birds,Tornadus
6,359,Mega Audino and Her Good Birds,Aerodactyl
6,359,Mega Audino and Her Good Birds,Xatu
6,359,Mega Audino and Her Good Birds,Audino-Mega
6,359,Mega Audino and Her Good Birds,Empoleon
6,359,Mega Audino and Her Good Birds,Golbat
6,359,Mega Audino and Her Good Birds,Jumpluff
6,359,Mega Audino and Her Good Birds,Delibird
6,360,Houston Gastros,Necrozma
6,360,Houston Gastros,Galvantula
6,360,Houston Gastros,Heracross-Mega
6,360,Houston Gastros,Bronzong
6,360,Houston Gastros,Granbull
6,360,Houston Gastros,Vaporeon
6,360,Houston Gastros,Komala
6,360,Houston Gastros,Emboar
6,360,Houston Gastros,Mamoswine
6,360,Houston Gastros,Dhelmise
6,360,Houston Gastros,Gabite
6,361,Infamous Rayquazas,Tapu Bulu
6,361,Infamous Rayquazas,Hawlucha
6,361,Infamous Rayquazas,Pelipper
6,361,Infamous Rayquazas,Swampert-Mega
6,361,Infamous Rayquazas,Jolteon
6,361,Infamous Rayquazas,Kyurem
6,361,Infamous Rayquazas,Delphox
6,361,Infamous Rayquazas,Type:Null
6,361,Infamous Rayquazas,Drapion
6,361,Infamous Rayquazas,Sableye
6,361,Infamous Rayquazas,Bastiodon
6,362,Autism,Tapu Koko
6,362,Autism,Snorlax
6,362,Autism,Conkeldurr
6,362,Autism,Salazzle
6,362,Autism,Bruxish
6,362,Autism,Exeggutor-Alola
6,362,Autism,Yanmega
6,362,Autism,Registeel
6,362,Autism,Gourgeist
6,362,Autism,Tyranitar-Mega
6,362,Autism,Dugtrio
5,363,Kajaani Sceptiles,Landorus-Therian
5,363,Kajaani Sceptiles,Empoleon
5,363,Kajaani Sceptiles,Celebi
5,363,Kajaani Sceptiles,Altaria-Mega
5,363,Kajaani Sceptiles,Arcanine
5,363,Kajaani Sceptiles,Heliolisk
5,363,Kajaani Sceptiles,Miltank
5,363,Kajaani Sceptiles,Tyrantrum
5,363,Kajaani Sceptiles,Weezing
5,363,Kajaani Sceptiles,Regice
5,363,Kajaani Sceptiles,Volbeat
5,364,London Umbreons,Victini
5,364,London Umbreons,Tapu Bulu
5,364,London Umbreons,Hydreigon
5,364,London Umbreons,Swampert
5,364,London Umbreons,Hitmonlee
5,364,London Umbreons,Tentacruel
5,364,London Umbreons,Rotom-Fan
5,364,London Umbreons,Audino
5,364,London Umbreons,Ribombee
5,364,London Umbreons,Aggron-Mega
5,364,London Umbreons,Pikachu
5,365,Pummeling Poliwraths,Salamence
5,365,Pummeling Poliwraths,Snorlax
5,365,Pummeling Poliwraths,Bisharp
5,365,Pummeling Poliwraths,Floette-Eternal
5,365,Pummeling Poliwraths,Piloswine
5,365,Pummeling Poliwraths,Chesnaught
5,365,Pummeling Poliwraths,Blastoise
5,365,Pummeling Poliwraths,Klinklang
5,365,Pummeling Poliwraths,Aerodactyl-Mega
5,365,Pummeling Poliwraths,Chimecho
5,365,Pummeling Poliwraths,Blacephalon
5,366,Washington Blizzards,Dragonite
5,366,Washington Blizzards,Darmanitan
5,366,Washington Blizzards,Vaporeon
5,366,Washington Blizzards,Starmie
5,366,Washington Blizzards,Manectric-Mega
5,366,Washington Blizzards,Meloetta
5,366,Washington Blizzards,Aromatisse
5,366,Washington Blizzards,Stunfisk
5,366,Washington Blizzards,Heracross
5,366,Washington Blizzards,Raticate-Alola
5,366,Washington Blizzards,Bronzong
5,367,Sundsvall Seels,Staraptor
5,367,Sundsvall Seels,Galvantula
5,367,Sundsvall Seels,Decidueye
5,367,Sundsvall Seels,Diancie-Mega
5,367,Sundsvall Seels,Registeel
5,367,Sundsvall Seels,Volcanion
5,367,Sundsvall Seels,Garchomp
5,367,Sundsvall Seels,Medicham
5,367,Sundsvall Seels,Cryogonal
5,367,Sundsvall Seels,Garbodor
5,367,Sundsvall Seels,Guzzlord
5,368,Utah Weez,Jellicent
5,368,Utah Weez,Kartana
5,368,Utah Weez,Venusaur-Mega
5,368,Utah Weez,Haxorus
5,368,Utah Weez,Salazzle
5,368,Utah Weez,Granbull
5,368,Utah Weez,Buzzwole
5,368,Utah Weez,Lickilicky
5,368,Utah Weez,Swalot
5,368,Utah Weez,Raichu-Alola
5,368,Utah Weez,Gligar
5,369,Infamous Rayquazas,Kyurem-Black
5,369,Infamous Rayquazas,Conkeldurr
5,369,Infamous Rayquazas,Stakataka
5,369,Infamous Rayquazas,Gardevoir
5,369,Infamous Rayquazas,Linoone
5,369,Infamous Rayquazas,Venusaur
5,369,Infamous Rayquazas,Greninja
5,369,Infamous Rayquazas,Rotom
5,369,Infamous Rayquazas,Camerupt-Mega
5,369,Infamous Rayquazas,Cofagrigus
5,369,Infamous Rayquazas,Ninjask
5,370,St. John's Sharpedoes,Zapdos
5,370,St. John's Sharpedoes,Azumarill
5,370,St. John's Sharpedoes,Cobalion
5,370,St. John's Sharpedoes,Incineroar
5,370,St. John's Sharpedoes,Latios
5,370,St. John's Sharpedoes,Banette-Mega
5,370,St. John's Sharpedoes,Vileplume
5,370,St. John's Sharpedoes,Espeon
5,370,St. John's Sharpedoes,Sandslash
5,370,St. John's Sharpedoes,Comfey
5,370,St. John's Sharpedoes,Luxray
5,371,Charming Sylveons,Charizard-Mega-X
5,371,Charming Sylveons,Krookodile
5,371,Charming Sylveons,Manaphy
5,371,Charming Sylveons,Tangrowth
5,371,Charming Sylveons,Jolteon
5,371,Charming Sylveons,Slowking
5,371,Charming Sylveons,Hariyama
5,371,Charming Sylveons,Mimikyu
5,371,Charming Sylveons,Dustox
5,371,Charming Sylveons,Lycanroc-Midnight
5,371,Charming Sylveons,Metang
5,372,Team Name,Tapu Koko
5,372,Team Name,Togekiss
5,372,Team Name,Xurkitree
5,372,Team Name,Pelipper
5,372,Team Name,Swampert-Mega
5,372,Team Name,Scrafty
5,372,Team Name,Gothitelle
5,372,Team Name,Amoonguss
5,372,Team Name,Doublade
5,372,Team Name,Slaking
5,372,Team Name,Togedemaru
5,373,Columbus Tornadus,Zeraora
5,373,Columbus Tornadus,Nihilego
5,373,Columbus Tornadus,Florges
5,373,Columbus Tornadus,Pidgeot-Mega
5,373,Columbus Tornadus,Slowbro
5,373,Columbus Tornadus,Sharpedo
5,373,Columbus Tornadus,Blaziken
5,373,Columbus Tornadus,Gourgeist
5,373,Columbus Tornadus,Druddigon
5,373,Columbus Tornadus,Hippowdon
5,373,Columbus Tornadus,Ariados
5,374,Mew York Yankees,Tapu Fini
5,374,Mew York Yankees,Chansey
5,374,Mew York Yankees,Rotom-Heat
5,374,Mew York Yankees,Medicham-Mega
5,374,Mew York Yankees,Misdreavus
5,374,Mew York Yankees,Flygon
5,374,Mew York Yankees,Drapion
5,374,Mew York Yankees,Tornadus-Therian
5,374,Mew York Yankees,Ferroseed
5,374,Mew York Yankees,Hoopa
5,374,Mew York Yankees,Masquerain
5,375,Colorado Mamoswines,Celesteela
5,375,Colorado Mamoswines,Latias
5,375,Colorado Mamoswines,Toxapex
5,375,Colorado Mamoswines,Ditto
5,375,Colorado Mamoswines,Marowak-Alola
5,375,Colorado Mamoswines,Exeggutor
5,375,Colorado Mamoswines,Sawk
5,375,Colorado Mamoswines,Audino-Mega
5,375,Colorado Mamoswines,Persian-Alola
5,375,Colorado Mamoswines,Dugtrio
5,375,Colorado Mamoswines,Golem-Alola
5,376,EverGarden Eevees,Infernape
5,376,EverGarden Eevees,Primarina
5,376,EverGarden Eevees,Dhelmise
5,376,EverGarden Eevees,Necrozma
5,376,EverGarden Eevees,Weavile
5,376,EverGarden Eevees,Sceptile-Mega
5,376,EverGarden Eevees,Excadrill
5,376,EverGarden Eevees,Gigalith
5,376,EverGarden Eevees,Komala
5,376,EverGarden Eevees,Muk
5,376,EverGarden Eevees,Electrode
5,377,Chernobyl Dragalges,Skarmory
5,377,Chernobyl Dragalges,Milotic
5,377,Chernobyl Dragalges,Clefable
5,377,Chernobyl Dragalges,Sableye-Mega
5,377,Chernobyl Dragalges,Donphan
5,377,Chernobyl Dragalges,Gurdurr
5,377,Chernobyl Dragalges,Dragalge
5,377,Chernobyl Dragalges,Avalugg
5,377,Chernobyl Dragalges,Eelektross
5,377,Chernobyl Dragalges,Gogoat
5,377,Chernobyl Dragalges,Blissey
5,378,Singapore Sableyes,Jirachi
5,378,Singapore Sableyes,Volcarona
5,378,Singapore Sableyes,Tsareena
5,378,Singapore Sableyes,Slurpuff
5,378,Singapore Sableyes,Zygarde
5,378,Singapore Sableyes,Tornadus
5,378,Singapore Sableyes,Rotom-Wash
5,378,Singapore Sableyes,Bewear
5,378,Singapore Sableyes,Absol-Mega
5,378,Singapore Sableyes,Crustle
5,378,Singapore Sableyes,Vanilluxe
5,379,Autism,Mew
5,379,Autism,Heatran
5,379,Autism,Araquanid
5,379,Autism,Roserade
5,379,Autism,Mienshao
5,379,Autism,Sneasel
5,379,Autism,Scizor
5,379,Autism,Diancie
5,379,Autism,Manectric
5,379,Autism,Garchomp-Mega
5,379,Autism,Noctowl
5,380,Toronto Fire Chickens,Tyranitar
5,380,Toronto Fire Chickens,Gengar
5,380,Toronto Fire Chickens,Whimsicott
5,380,Toronto Fire Chickens,Gallade-Mega
5,380,Toronto Fire Chickens,Pyroar
5,380,Toronto Fire Chickens,Malamar
5,380,Toronto Fire Chickens,Cloyster
5,380,Toronto Fire Chickens,Marowak
5,380,Toronto Fire Chickens,Raikou
5,380,Toronto Fire Chickens,Cresselia
5,380,Toronto Fire Chickens,Noivern
2,392,Azalea Town Aipoms,Raikou
2,392,Azalea Town Aipoms,Conkeldurr
2,392,Azalea Town Aipoms,Primarina
2,392,Azalea Town Aipoms,Nidoqueen
2,392,Azalea Town Aipoms,Blaziken
2,392,Azalea Town Aipoms,Golurk
2,392,Azalea Town Aipoms,Aggron-Mega
2,392,Azalea Town Aipoms,Scolipede
2,392,Azalea Town Aipoms,Meloetta
2,392,Azalea Town Aipoms,Tornadus
2,392,Azalea Town Aipoms,Zoroark
2,391,Twilit Tapus,Victini
2,391,Twilit Tapus,Kommo-o
2,391,Twilit Tapus,Tentacruel
2,391,Twilit Tapus,Swampert
2,391,Twilit Tapus,Delphox
2,391,Twilit Tapus,Leavanny
2,391,Twilit Tapus,Charizard-Mega-X
2,391,Twilit Tapus,Kartana
2,391,Twilit Tapus,Magnezone
2,391,Twilit Tapus,Diancie
2,391,Twilit Tapus,Steelix
2,390,Death Valley Houndooms,Jirachi
2,390,Death Valley Houndooms,Mandibuzz
2,390,Death Valley Houndooms,Crobat
2,390,Death Valley Houndooms,Tsareena
2,390,Death Valley Houndooms,Vikavolt
2,390,Death Valley Houndooms,Rampardos
2,390,Death Valley Houndooms,Altaria-Mega
2,390,Death Valley Houndooms,Mamoswine
2,390,Death Valley Houndooms,Milotic
2,390,Death Valley Houndooms,Typhlosion
2,390,Death Valley Houndooms,Machamp
2,389,Ottawa Nidokings,Thundurus-Therian
2,389,Ottawa Nidokings,Infernape
2,389,Ottawa Nidokings,Kyurem
2,389,Ottawa Nidokings,Umbreon
2,389,Ottawa Nidokings,Virizion
2,389,Ottawa Nidokings,Articuno
2,389,Ottawa Nidokings,Tyranitar-Mega
2,389,Ottawa Nidokings,Slowbro
2,389,Ottawa Nidokings,Donphan
2,389,Ottawa Nidokings,Doublade
2,389,Ottawa Nidokings,Ribombee
2,396,St. John's Sharpedoes,Celesteela
2,396,St. John's Sharpedoes,Sylveon
2,396,St. John's Sharpedoes,Cobalion
2,396,St. John's Sharpedoes,Snorlax
2,396,St. John's Sharpedoes,Mesprit
2,396,St. John's Sharpedoes,Gourgeist
2,396,St. John's Sharpedoes,Gyarados-Mega
2,396,St. John's Sharpedoes,Entei
2,396,St. John's Sharpedoes,Haxorus
2,396,St. John's Sharpedoes,Gliscor
2,396,St. John's Sharpedoes,Manectric
2,393,Cape Town Krookodiles,Heatran
2,393,Cape Town Krookodiles,Togekiss
2,393,Cape Town Krookodiles,Tangrowth
2,393,Cape Town Krookodiles,Alomomola
2,393,Cape Town Krookodiles,Mismagius
2,393,Cape Town Krookodiles,Sneasel
2,393,Cape Town Krookodiles,Beedrill-Mega
2,393,Cape Town Krookodiles,Zygarde
2,393,Cape Town Krookodiles,Mienshao
2,393,Cape Town Krookodiles,Electivire
2,393,Cape Town Krookodiles,Blissey
2,395,Richmond Reuniclus,Excadrill
2,395,Richmond Reuniclus,Cresselia
2,395,Richmond Reuniclus,Raichu-Alola
2,395,Richmond Reuniclus,Vaporeon
2,395,Richmond Reuniclus,Noivern
2,395,Richmond Reuniclus,Pyroar
2,395,Richmond Reuniclus,Medicham-Mega
2,395,Richmond Reuniclus,Ferrothorn
2,395,Richmond Reuniclus,Mimikyu
2,395,Richmond Reuniclus,Weezing
2,395,Richmond Reuniclus,Sableye
2,394,St. Catherines Suicunes,Kyurem-Black
2,394,St. Catherines Suicunes,Suicune
2,394,St. Catherines Suicunes,Scrafty
2,394,St. Catherines Suicunes,Torkoal
2,394,St. Catherines Suicunes,Magneton
2,394,St. Catherines Suicunes,Xatu
2,394,St. Catherines Suicunes,Diancie-Mega
2,394,St. Catherines Suicunes,Landorus-Therian
2,394,St. Catherines Suicunes,Celebi
2,394,St. Catherines Suicunes,Ambipom
2,394,St. Catherines Suicunes,Muk
2,381,Gallifreyan Gallades,Tapu Bulu
2,381,Gallifreyan Gallades,Hawlucha
2,381,Gallifreyan Gallades,Empoleon
2,381,Gallifreyan Gallades,Dugtrio
2,381,Gallifreyan Gallades,Yanmega
2,381,Gallifreyan Gallades,Sliggoo
2,381,Gallifreyan Gallades,Houndoom-Mega
2,381,Gallifreyan Gallades,Latias
2,381,Gallifreyan Gallades,Landorus
2,381,Gallifreyan Gallades,Komala
2,381,Gallifreyan Gallades,Rhydon
2,383,Minnesota Hyperfangs,Terrakion
2,383,Minnesota Hyperfangs,Goodra
2,383,Minnesota Hyperfangs,Greninja
2,383,Minnesota Hyperfangs,Darmanitan
2,383,Minnesota Hyperfangs,Quagsire
2,383,Minnesota Hyperfangs,Cryogonal
2,383,Minnesota Hyperfangs,Scizor-Mega
2,383,Minnesota Hyperfangs,Clefable
2,383,Minnesota Hyperfangs,Galvantula
2,383,Minnesota Hyperfangs,Braviary
2,383,Minnesota Hyperfangs,Hitmonlee
2,384,Niagara Gengars,Tapu Koko
2,384,Niagara Gengars,Staraptor
2,384,Niagara Gengars,Metagross
2,384,Niagara Gengars,Kingdra
2,384,Niagara Gengars,Gligar
2,384,Niagara Gengars,Lickilicky
2,384,Niagara Gengars,Heracross-Mega
2,384,Niagara Gengars,Reuniclus
2,384,Niagara Gengars,Hydreigon
2,384,Niagara Gengars,Rotom-Heat
2,384,Niagara Gengars,Vileplume
2,382,Columbus Croconaws,Zapdos
2,382,Columbus Croconaws,Zygarde-10%
2,382,Columbus Croconaws,Arcanine
2,382,Columbus Croconaws,Chesnaught
2,382,Columbus Croconaws,Registeel
2,382,Columbus Croconaws,Tauros
2,382,Columbus Croconaws,Gardevoir-Mega
2,382,Columbus Croconaws,Blastoise
2,382,Columbus Croconaws,Muk-Alola
2,382,Columbus Croconaws,Rhyperior
2,382,Columbus Croconaws,Azumarill
2,385,Colorado Avaluggs,Xurkitree
2,385,Colorado Avaluggs,Pelipper
2,385,Colorado Avaluggs,Shaymin
2,385,Colorado Avaluggs,Silvally
2,385,Colorado Avaluggs,Miltank
2,385,Colorado Avaluggs,Beartic
2,385,Colorado Avaluggs,Swampert-Mega
2,385,Colorado Avaluggs,Hitmontop
2,385,Colorado Avaluggs,Cofagrigus
2,385,Colorado Avaluggs,Klefki
2,385,Colorado Avaluggs,Tyranitar
2,387,New England Primarinas,Latios
2,387,New England Primarinas,Volcarona
2,387,New England Primarinas,Ninetales-Alola
2,387,New England Primarinas,Jolteon
2,387,New England Primarinas,Hitmonchan
2,387,New England Primarinas,Swellow
2,387,New England Primarinas,Steelix-Mega
2,387,New England Primarinas,Dhelmise
2,387,New England Primarinas,Drapion
2,387,New England Primarinas,Shuckle
2,387,New England Primarinas,Manaphy
2,388,Sydney Swannas,Mew
2,388,Sydney Swannas,Rotom-Wash
2,388,Sydney Swannas,Decidueye
2,388,Sydney Swannas,Forretress
2,388,Sydney Swannas,Exploud
2,388,Sydney Swannas,Togetic
2,388,Sydney Swannas,Lopunny-Mega
2,388,Sydney Swannas,Nidoking
2,388,Sydney Swannas,Tyrantrum
2,388,Sydney Swannas,Avalugg
2,388,Sydney Swannas,Incineroar
2,386,Delaware Kyurem-Black Foxes,Weavile
2,386,Delaware Kyurem-Black Foxes,Gengar
2,386,Delaware Kyurem-Black Foxes,Heliolisk
2,386,Delaware Kyurem-Black Foxes,Comfey
2,386,Delaware Kyurem-Black Foxes,Bronzong
2,386,Delaware Kyurem-Black Foxes,Simisear
2,386,Delaware Kyurem-Black Foxes,Venusaur-Mega
2,386,Delaware Kyurem-Black Foxes,Starmie
2,386,Delaware Kyurem-Black Foxes,Porygon2
2,386,Delaware Kyurem-Black Foxes,Lucario
2,386,Delaware Kyurem-Black Foxes,Druddigon
1,399,Boston Bewears,Pinsir-Mega
1,399,Boston Bewears,Manaphy
1,399,Boston Bewears,Gengar
1,399,Boston Bewears,Gigalith
1,399,Boston Bewears,Rotom-Heat
1,399,Boston Bewears,Hitmonlee
1,399,Boston Bewears,Zebstrika
1,399,Boston Bewears,Excadrill
1,399,Boston Bewears,Flygon
1,399,Boston Bewears,Shuckle
1,399,Boston Bewears,Stoutland
1,408,St. John's Sharpedoes,Gallade-Mega
1,408,St. John's Sharpedoes,Landorus
1,408,St. John's Sharpedoes,Araquanid
1,408,St. John's Sharpedoes,Metagross
1,408,St. John's Sharpedoes,Crobat
1,408,St. John's Sharpedoes,Cofagrigus
1,408,St. John's Sharpedoes,Audino
1,408,St. John's Sharpedoes,Quagsire
1,408,St. John's Sharpedoes,Hydreigon
1,408,St. John's Sharpedoes,Rotom-Mow
1,408,St. John's Sharpedoes,Bronzong
1,400,Chicago Bulus,Beedrill-Mega
1,400,Chicago Bulus,Celesteela
1,400,Chicago Bulus,Celebi
1,400,Chicago Bulus,Zygarde-10%
1,400,Chicago Bulus,Cloyster
1,400,Chicago Bulus,Delphox
1,400,Chicago Bulus,Wigglytuff
1,400,Chicago Bulus,Tapu Fini
1,400,Chicago Bulus,Eelektross
1,400,Chicago Bulus,Scrafty
1,400,Chicago Bulus,Druddigon
1,404,Ottawa Nidokings,Venusaur-Mega
1,404,Ottawa Nidokings,Raikou
1,404,Ottawa Nidokings,Salamence
1,404,Ottawa Nidokings,Cobalion
1,404,Ottawa Nidokings,Umbreon
1,404,Ottawa Nidokings,Blastoise
1,404,Ottawa Nidokings,Ariados
1,404,Ottawa Nidokings,Ninetales
1,404,Ottawa Nidokings,Mamoswine
1,404,Ottawa Nidokings,Diancie
1,404,Ottawa Nidokings,Slowbro
1,409,Rhode Island Riolus,Diancie-Mega
1,409,Rhode Island Riolus,Latios
1,409,Rhode Island Riolus,Volcarona
1,409,Rhode Island Riolus,Krookodile
1,409,Rhode Island Riolus,Smeargle
1,409,Rhode Island Riolus,Mantine
1,409,Rhode Island Riolus,Haunter
1,409,Rhode Island Riolus,Heatran
1,409,Rhode Island Riolus,Swampert
1,409,Rhode Island Riolus,Sceptile
1,409,Rhode Island Riolus,Manectric
1,410,Colinet Carracostas,Alakazam-Mega
1,410,Colinet Carracostas,Tornadus-Therian
1,410,Colinet Carracostas,Suicune
1,410,Colinet Carracostas,Galvantula
1,410,Colinet Carracostas,Salazzle
1,410,Colinet Carracostas,Drapion
1,410,Colinet Carracostas,Xatu
1,410,Colinet Carracostas,Terrakion
1,410,Colinet Carracostas,Ferrothorn
1,410,Colinet Carracostas,Piloswine
1,410,Colinet Carracostas,Aromatisse
1,402,Western Virginia Weepinbells,Sceptile-Mega
1,402,Western Virginia Weepinbells,Mew
1,402,Western Virginia Weepinbells,Milotic
1,402,Western Virginia Weepinbells,Shaymin
1,402,Western Virginia Weepinbells,Porygon2
1,402,Western Virginia Weepinbells,Ambipom
1,402,Western Virginia Weepinbells,Pyroar
1,402,Western Virginia Weepinbells,Keldeo
1,402,Western Virginia Weepinbells,Mandibuzz
1,402,Western Virginia Weepinbells,Tornadus
1,402,Western Virginia Weepinbells,Malamar
1,411,Houston Regirockets,Lopunny-Mega
1,411,Houston Regirockets,Thundurus-Therian
1,411,Houston Regirockets,Zygarde
1,411,Houston Regirockets,Decidueye
1,411,Houston Regirockets,Slowking
1,411,Houston Regirockets,Miltank
1,411,Houston Regirockets,Persian-Alola
1,411,Houston Regirockets,Sylveon
1,411,Houston Regirockets,Reuniclus
1,411,Houston Regirockets,Registeel
1,411,Houston Regirockets,Emboar
1,401,Heaven Helix,Scizor-Mega
1,401,Heaven Helix,Kyurem-Black
1,401,Heaven Helix,Florges
1,401,Heaven Helix,Greninja
1,401,Heaven Helix,Tsareena
1,401,Heaven Helix,Uxie
1,401,Heaven Helix,Primeape
1,401,Heaven Helix,Darmanitan
1,401,Heaven Helix,Thundurus
1,401,Heaven Helix,Seismitoad
1,401,Heaven Helix,Garbodor
1,397,Bermuda Mewtwos,Charizard-Mega-X
1,397,Bermuda Mewtwos,Keldeo
1,397,Bermuda Mewtwos,Dhelmise
1,397,Bermuda Mewtwos,Gardevoir
1,397,Bermuda Mewtwos,Heliolisk
1,397,Bermuda Mewtwos,Noivern
1,397,Bermuda Mewtwos,Dodrio
1,397,Bermuda Mewtwos,Clefable
1,397,Bermuda Mewtwos,Nidoqueen
1,397,Bermuda Mewtwos,Zoroark
1,397,Bermuda Mewtwos,Sandslash
1,398,Dublin Doublades,Aggron-Mega
1,398,Dublin Doublades,Tapu Koko
1,398,Dublin Doublades,Nidoking
1,398,Dublin Doublades,Arcanine
1,398,Dublin Doublades,Espeon
1,398,Dublin Doublades,Swellow
1,398,Dublin Doublades,Cryogonal
1,398,Dublin Doublades,Latias
1,398,Dublin Doublades,Suicune
1,398,Dublin Doublades,Chesnaught
1,398,Dublin Doublades,Miltank
1,403,Columbus Croconaws,Ampharos-Mega
1,403,Columbus Croconaws,Jirachi
1,403,Columbus Croconaws,Togekiss
1,403,Columbus Croconaws,Donphan
1,403,Columbus Croconaws,Alomomola
1,403,Columbus Croconaws,Exploud
1,403,Columbus Croconaws,Sneasel
1,403,Columbus Croconaws,Scolipede
1,403,Columbus Croconaws,Entei
1,403,Columbus Croconaws,Mienshao
1,403,Columbus Croconaws,Amoonguss
1,405,Toronto Staraptors,Steelix-Mega
1,405,Toronto Staraptors,Volcanion
1,405,Toronto Staraptors,Cresselia
1,405,Toronto Staraptors,Ninetales-Alola
1,405,Toronto Staraptors,Vaporeon
1,405,Toronto Staraptors,Raichu-Alola
1,405,Toronto Staraptors,Golurk
1,405,Toronto Staraptors,Dragonite
1,405,Toronto Staraptors,Snorlax
1,405,Toronto Staraptors,Hitmontop
1,405,Toronto Staraptors,Zygarde
1,407,Minnesota Hyperfangs,Blastoise-Mega
1,407,Minnesota Hyperfangs,Victini
1,407,Minnesota Hyperfangs,Staraptor
1,407,Minnesota Hyperfangs,Tangrowth
1,407,Minnesota Hyperfangs,Jolteon
1,407,Minnesota Hyperfangs,Granbull
1,407,Minnesota Hyperfangs,Sawk
1,407,Minnesota Hyperfangs,Garchomp
1,407,Minnesota Hyperfangs,Minior
1,407,Minnesota Hyperfangs,Registeel
1,407,Minnesota Hyperfangs,Vikavolt
1,412,Anchorage Articunos,Latios-Mega
1,412,Anchorage Articunos,Mimikyu
1,412,Anchorage Articunos,Magnezone
1,412,Anchorage Articunos,Machamp
1,412,Anchorage Articunos,Primarina
1,412,Anchorage Articunos,Typhlosion
1,412,Anchorage Articunos,Lilligant
1,412,Anchorage Articunos,Dugtrio
1,412,Anchorage Articunos,Drampa
1,412,Anchorage Articunos,Talonflame
1,412,Anchorage Articunos,Weezing
1,406,San Jose Staravias,Pidgeot-Mega
1,406,San Jose Staravias,Landorus-Therian
1,406,San Jose Staravias,Infernape
1,406,San Jose Staravias,Roserade
1,406,San Jose Staravias,Sableye
1,406,San Jose Staravias,Ditto
1,406,San Jose Staravias,Lanturn
1,406,San Jose Staravias,Starmie
1,406,San Jose Staravias,Goodra
1,406,San Jose Staravias,Lucario
1,406,San Jose Staravias,Ribombee
3,413,St. John's Sharpedoes,Thundurus
3,413,St. John's Sharpedoes,Goodra
3,413,St. John's Sharpedoes,Metagross
3,413,St. John's Sharpedoes,Chandelure
3,413,St. John's Sharpedoes,Rotom-Mow
3,413,St. John's Sharpedoes,Primeape
3,413,St. John's Sharpedoes,Scizor-Mega
3,413,St. John's Sharpedoes,Clefable
3,413,St. John's Sharpedoes,Swampert
3,413,St. John's Sharpedoes,Miltank
3,413,St. John's Sharpedoes,Archeops
3,417,Richmond Reuniclus,Jirachi
3,417,Richmond Reuniclus,Togekiss
3,417,Richmond Reuniclus,Vaporeon
3,417,Richmond Reuniclus,Cofagrigus
3,417,Richmond Reuniclus,Hitmontop
3,417,Richmond Reuniclus,Pyroar
3,417,Richmond Reuniclus,Beedrill-Mega
3,417,Richmond Reuniclus,Hydreigon
3,417,Richmond Reuniclus,Jolteon
3,417,Richmond Reuniclus,Quagsire
3,417,Richmond Reuniclus,Breloom
3,416,New England Primarinas,Landorus-Therian
3,416,New England Primarinas,Starmie
3,416,New England Primarinas,Darmanitan
3,416,New England Primarinas,Ninetales-Alola
3,416,New England Primarinas,Weezing
3,416,New England Primarinas,Throh
3,416,New England Primarinas,Absol-Mega
3,416,New England Primarinas,Ferrothorn
3,416,New England Primarinas,Latias
3,416,New England Primarinas,Galvantula
3,416,New England Primarinas,Lycanroc-Midnight
3,425,Puerto Rico Stuffuls,Manaphy
3,425,Puerto Rico Stuffuls,Mamoswine
3,425,Puerto Rico Stuffuls,Shaymin
3,425,Puerto Rico Stuffuls,Forretress
3,425,Puerto Rico Stuffuls,Drapion
3,425,Puerto Rico Stuffuls,Zebstrika
3,425,Puerto Rico Stuffuls,Diancie-Mega
3,425,Puerto Rico Stuffuls,Conkeldurr
3,425,Puerto Rico Stuffuls,Druddigon
3,425,Puerto Rico Stuffuls,Tornadus-Therian
3,425,Puerto Rico Stuffuls,Hypno
3,428,Niagara Gengars,Weavile
3,428,Niagara Gengars,Lucario
3,428,Niagara Gengars,Nidoking
3,428,Niagara Gengars,Emboar
3,428,Niagara Gengars,Vikavolt
3,428,Niagara Gengars,Gourgeist
3,428,Niagara Gengars,Altaria-Mega
3,428,Niagara Gengars,Slowbro
3,428,Niagara Gengars,Blissey
3,428,Niagara Gengars,Lycanroc-Dusk
3,428,Niagara Gengars,Swellow
3,418,Gallifreyan Gallades,Tapu Fini
3,418,Gallifreyan Gallades,Hawlucha
3,418,Gallifreyan Gallades,Marowak-Alola
3,418,Gallifreyan Gallades,Muk-Alola
3,418,Gallifreyan Gallades,Sandslash-Alola
3,418,Gallifreyan Gallades,Rotom-Frost
3,418,Gallifreyan Gallades,Abomasnow-Mega
3,418,Gallifreyan Gallades,Celebi
3,418,Gallifreyan Gallades,Necrozma
3,418,Gallifreyan Gallades,Rhyperior
3,418,Gallifreyan Gallades,Komala
3,427,Cape Town Krookodiles,Dragonite
3,427,Cape Town Krookodiles,Rotom-Wash
3,427,Cape Town Krookodiles,Krookodile
3,427,Cape Town Krookodiles,Cloyster
3,427,Cape Town Krookodiles,Bronzong
3,427,Cape Town Krookodiles,Lickilicky
3,427,Cape Town Krookodiles,Venusaur-Mega
3,427,Cape Town Krookodiles,Infernape
3,427,Cape Town Krookodiles,Slurpuff
3,427,Cape Town Krookodiles,Cryogonal
3,427,Cape Town Krookodiles,Thundurus-Therian
3,424,Manchester Marowaks,Scolipede
3,424,Manchester Marowaks,Gliscor
3,424,Manchester Marowaks,Gardevoir
3,424,Manchester Marowaks,Decidueye
3,424,Manchester Marowaks,Moltres
3,424,Manchester Marowaks,Sneasel
3,424,Manchester Marowaks,Lopunny-Mega
3,424,Manchester Marowaks,Raikou
3,424,Manchester Marowaks,Haxorus
3,424,Manchester Marowaks,Seismitoad
3,424,Manchester Marowaks,Stakataka
3,423,Ottawa Nidokings,Latios
3,423,Ottawa Nidokings,Florges
3,423,Ottawa Nidokings,Feraligatr
3,423,Ottawa Nidokings,Chesnaught
3,423,Ottawa Nidokings,Mudsdale
3,423,Ottawa Nidokings,Ninjask
3,423,Ottawa Nidokings,Houndoom-Mega
3,423,Ottawa Nidokings,Magnezone
3,423,Ottawa Nidokings,Crobat
3,423,Ottawa Nidokings,Buzzwole
3,423,Ottawa Nidokings,Slowking
3,420,Charming Sylveon,Blacephalon
3,420,Charming Sylveon,Gyarados
3,420,Charming Sylveon,Cobalion
3,420,Charming Sylveon,Tsareena
3,420,Charming Sylveon,Ribombee
3,420,Charming Sylveon,Muk
3,420,Charming Sylveon,Blastoise-Mega
3,420,Charming Sylveon,Garchomp
3,420,Charming Sylveon,Raichu-Alola
3,420,Charming Sylveon,Porygon2
3,420,Charming Sylveon,Lycanroc
3,415,Minnesota Hyperfangs,Tapu Koko
3,415,Minnesota Hyperfangs,Milotic
3,415,Minnesota Hyperfangs,Dhelmise
3,415,Minnesota Hyperfangs,Rotom-Heat
3,415,Minnesota Hyperfangs,Accelgor
3,415,Minnesota Hyperfangs,Probopass
3,415,Minnesota Hyperfangs,Charizard-Mega-X
3,415,Minnesota Hyperfangs,Landorus
3,415,Minnesota Hyperfangs,Pangoro
3,415,Minnesota Hyperfangs,Tornadus
3,415,Minnesota Hyperfangs,Uxie
3,421,Utah Weez,Tapu Bulu
3,421,Utah Weez,Staraptor
3,421,Utah Weez,Kyurem
3,421,Utah Weez,Donphan
3,421,Utah Weez,Hitmonlee
3,421,Utah Weez,Rotom
3,421,Utah Weez,Gyarados-Mega
3,421,Utah Weez,Victini
3,421,Utah Weez,Escavalier
3,421,Utah Weez,Porygon-Z
3,421,Utah Weez,Honchkrow
3,426,Mega Audino and Her Good Boys,Terrakion
3,426,Mega Audino and Her Good Boys,Suicune
3,426,Mega Audino and Her Good Boys,Umbreon
3,426,Mega Audino and Her Good Boys,Arcanine
3,426,Mega Audino and Her Good Boys,Silvally
3,426,Mega Audino and Her Good Boys,Type:Null
3,426,Mega Audino and Her Good Boys,Audino-Mega
3,426,Mega Audino and Her Good Boys,Zygarde-10%
3,426,Mega Audino and Her Good Boys,Espeon
3,426,Mega Audino and Her Good Boys,Virizion
3,426,Mega Audino and Her Good Boys,Mew
3,422,Empoleon Emperors,Kyurem-Black
3,422,Empoleon Emperors,Cresselia
3,422,Empoleon Emperors,Primarina
3,422,Empoleon Emperors,Mienshao
3,422,Empoleon Emperors,Skuntank
3,422,Empoleon Emperors,Rhydon
3,422,Empoleon Emperors,Manectric-Mega
3,422,Empoleon Emperors,Skarmory
3,422,Empoleon Emperors,Volcarona
3,422,Empoleon Emperors,Roserade
3,422,Empoleon Emperors,Tauros
4,460,Kajaani Sceptiles,Tapu Fini
4,448,Seattle Shocks,Tapu Bulu
4,449,St. John Sharpedoes,Landorus-Therian
4,456,Atlanta Azelfs,Kartana
4,458,Sundsvall Seels,Diggersby
4,453,Manchester Marowaks,Zygarde
4,450,Oregon Golducks,Heatran
4,455,Rainbow Pheonix,Excadrill
4,447,Bye Week 3,Jirachi
4,445,Little Rock Roggenrollers,Celesteela
4,454,Bye Week 4,Scizor-Mega
4,451,Bye Week,Keldeo
4,452,Singapore Sableyes,Garchomp
4,457,Bye Week 2,Hawlucha
4,446,Milan Mimes Memes,Mew
4,459,Hardhead Jangmo-o,Zeraora
4,459,Hardhead Jangmo-o,Terrakion
4,446,Milan Mimes Memes,Rotom-Wash
4,457,Bye Week 2,Latios
4,452,Singapore Sableyes,Azumarill
4,451,Bye Week,Volcanion
4,454,Bye Week 4,Kyurem-Black
4,445,Little Rock Roggenrollers,Toxapex
4,447,Bye Week 3,Lopunny-Mega
4,455,Rainbow Pheonix,Zapdos
4,450,Oregon Golducks,Diancie-Mega
4,453,Manchester Marowaks,Victini
4,458,Sundsvall Seels,Venusaur-Mega
4,456,Atlanta Azelfs,Medicham-Mega
4,449,St. John Sharpedoes,Infernape
4,448,Seattle Shocks,Mamoswine
4,460,Kajaani Sceptiles,Garchomp-Mega
4,460,Kajaani Sceptiles,Latias
4,448,Seattle Shocks,Suicune
4,449,St. John Sharpedoes,Celebi
4,456,Atlanta Azelfs,Gliscor
4,458,Sundsvall Seels,Ninetales-Alola
4,453,Manchester Marowaks,Serperior
4,450,Oregon Golducks,Tangrowth
4,455,Rainbow Pheonix,Primarina
4,447,Bye Week 3,Hydreigon
4,445,Little Rock Roggenrollers,Clefable
4,454,Bye Week 4,Mimikyu
4,451,Bye Week,Starmie
4,452,Singapore Sableyes,Ferrothorn
4,457,Bye Week 2,Suicune
4,446,Milan Mimes Memes,Charizard-Mega-X
4,459,Hardhead Jangmo-o,Cresselia
4,459,Hardhead Jangmo-o,Aggron-Mega
4,446,Milan Mimes Memes,Skarmory
4,457,Bye Week 2,Raikou
4,452,Singapore Sableyes,Crobat
4,451,Bye Week,Pelipper
4,454,Bye Week 4,Incineroar
4,445,Little Rock Roggenrollers,Sableye-Mega
4,447,Bye Week 3,Gourgeist
4,455,Rainbow Pheonix,Alakazam
4,450,Oregon Golducks,Dragonite
4,453,Manchester Marowaks,Conkeldurr
4,458,Sundsvall Seels,Empoleon
4,456,Atlanta Azelfs,Gastrodon
4,449,St. John Sharpedoes,Nihilego
4,448,Seattle Shocks,Darmanitan
4,460,Kajaani Sceptiles,Lucario
4,460,Kajaani Sceptiles,Rotom-Heat
4,448,Seattle Shocks,Galvantula
4,449,St. John Sharpedoes,Vaporeon
4,456,Atlanta Azelfs,Ribombee
4,458,Sundsvall Seels,Jolteon
4,453,Manchester Marowaks,Feraligatr
4,450,Oregon Golducks,Forretress
4,455,Rainbow Pheonix,Entei
4,447,Bye Week 3,Krookodile
4,445,Little Rock Roggenrollers,Chansey
4,454,Bye Week 4,Seismitoad
4,451,Bye Week,Swampert-Mega
4,452,Singapore Sableyes,Greninja
4,457,Bye Week 2,Dhelmise
4,446,Milan Mimes Memes,Persian-Alola
4,459,Hardhead Jangmo-o,Tentacruel
4,459,Hardhead Jangmo-o,Kyurem
4,446,Milan Mimes Memes,Blissey
4,457,Bye Week 2,Snorlax
4,452,Singapore Sableyes,Silvally
4,451,Bye Week,Milotic
4,454,Bye Week 4,Uxie
4,445,Little Rock Roggenrollers,Regirock
4,447,Bye Week 3,Miltank
4,455,Rainbow Pheonix,Beedrill-Mega
4,450,Oregon Golducks,Umbreon
4,453,Manchester Marowaks,Aerodactyl-Mega
4,458,Sundsvall Seels,Salamence
4,456,Atlanta Azelfs,Amoonguss
4,449,St. John Sharpedoes,Klefki
4,448,Seattle Shocks,Bronzong
4,460,Kajaani Sceptiles,Tyranitar
4,460,Kajaani Sceptiles,Porygon2
4,448,Seattle Shocks,Necrozma
4,449,St. John Sharpedoes,Heliolisk
4,456,Atlanta Azelfs,Azelf
4,458,Sundsvall Seels,Volcarona
4,453,Manchester Marowaks,Muk-Alola
4,450,Oregon Golducks,Blastoise
4,455,Rainbow Pheonix,Medicham
4,447,Bye Week 3,Alomomola
4,445,Little Rock Roggenrollers,Heracross
4,454,Bye Week 4,Passimian
4,451,Bye Week,Kingdra
4,452,Singapore Sableyes,Gardevoir-Mega
4,457,Bye Week 2,Registeel
4,446,Milan Mimes Memes,Shaymin
4,459,Hardhead Jangmo-o,Slurpuff
4,459,Hardhead Jangmo-o,Gurdurr
4,446,Milan Mimes Memes,Hitmontop
4,457,Bye Week 2,Blaziken
4,452,Singapore Sableyes,Arcanine
4,451,Bye Week,Crawdaunt
4,454,Bye Week 4,Lycanroc-Dusk
4,445,Little Rock Roggenrollers,Quagsire
4,447,Bye Week 3,Raichu-Alola
4,455,Rainbow Pheonix,Cofagrigus
4,450,Oregon Golducks,Piloswine
4,453,Manchester Marowaks,Froslass
4,458,Sundsvall Seels,Mienshao
4,456,Atlanta Azelfs,Ditto
4,449,St. John Sharpedoes,Absol-Mega
4,448,Seattle Shocks,Hitmonchan
4,460,Kajaani Sceptiles,Sandslash
4,460,Kajaani Sceptiles,Vileplume
4,448,Seattle Shocks,Granbull
4,449,St. John Sharpedoes,Noivern
4,456,Atlanta Azelfs,Rotom-Frost
4,458,Sundsvall Seels,Mesprit
4,453,Manchester Marowaks,Aromatisse
4,450,Oregon Golducks,Ambipom
4,455,Rainbow Pheonix,Exeggutor-Alola
4,447,Bye Week 3,Cryogonal
4,445,Little Rock Roggenrollers,Donphan
4,454,Bye Week 4,Roserade
4,451,Bye Week,Omastar
4,452,Singapore Sableyes,Venomoth
4,457,Bye Week 2,Gyarados-Mega
4,446,Milan Mimes Memes,Gligar
4,459,Hardhead Jangmo-o,Gengar
4,459,Hardhead Jangmo-o,Golbat
4,446,Milan Mimes Memes,Slurpuff
4,457,Bye Week 2,Garbodor
4,452,Singapore Sableyes,Pangoro
4,451,Bye Week,Lanturn
4,454,Bye Week 4,Tauros
4,445,Little Rock Roggenrollers,Regice
4,447,Bye Week 3,Aerodactyl
4,455,Rainbow Pheonix,Shuckle
4,450,Oregon Golducks,Hitmonlee
4,453,Manchester Marowaks,Raichu
4,458,Sundsvall Seels,Oricorio
4,456,Atlanta Azelfs,Chandelure
4,449,St. John Sharpedoes,Dusknoir
4,448,Seattle Shocks,Lickilicky
4,460,Kajaani Sceptiles,Accelgor
4,460,Kajaani Sceptiles,Kecleon
4,448,Seattle Shocks,Heracross-Mega
4,449,St. John Sharpedoes,Articuno
4,456,Atlanta Azelfs,Haxorus
4,458,Sundsvall Seels,Sandslash-Alola
4,453,Manchester Marowaks,Durant
4,450,Oregon Golducks,Slowking
4,455,Rainbow Pheonix,Liepard
4,447,Bye Week 3,Tapu Koko
4,445,Little Rock Roggenrollers,Exeggutor
4,454,Bye Week 4,Thundurus
4,451,Bye Week,Mantine
4,452,Singapore Sableyes,Eelektross
4,457,Bye Week 2,Claydol
4,446,Milan Mimes Memes,Misdreavus
4,459,Hardhead Jangmo-o,Rotom-Mow
4,440,Colorado Mamoswine,Tapu Koko
4,431,Cape Town Krookodiles,Celesteela
4,442,Charming Sylveon,Latias
4,438,Columbus Tornadus,Garchomp
4,435,Galveston Gourgeist,Heatran
4,437,New York Gallades,Victini
4,441,Richmond Reuniclus,Zygarde
4,430,Avalon Articunos,Kyurem-Black
4,433,Memphis Metagross,Scizor-Mega
4,443,Evergarden Eevees,Scizor
4,444,Blank Team 2,Kyurem-Black
4,429,Simley Shelmets,Thundurus
4,432,Infamous Rayquazas,Charizard-Mega-Y
4,439,Toronto Fire Chickens,Moltres
4,434,New England Primarinas,Manaphy
4,434,New England Primarinas,Raikou
4,439,Toronto Fire Chickens,Registeel
4,432,Infamous Rayquazas,Blacephalon
4,429,Simley Shelmets,Weavile
4,444,Blank Team 2,Cresselia
4,443,Evergarden Eevees,Tapu Fini
4,433,Memphis Metagross,Latios
4,430,Avalon Articunos,Ninetales-Alola
4,441,Richmond Reuniclus,Mew
4,437,New York Gallades,Lopunny-Mega
4,435,Galveston Gourgeist,Azelf
4,438,Columbus Tornadus,Volcanion
4,442,Charming Sylveon,Sylveon
4,431,Cape Town Krookodiles,Necrozma
4,440,Colorado Mamoswine,Volcarona
4,440,Colorado Mamoswine,Tyranitar
4,431,Cape Town Krookodiles,Florges
4,442,Charming Sylveon,Empoleon
4,438,Columbus Tornadus,Floette-Eternal
4,435,Galveston Gourgeist,Clefable
4,437,New York Gallades,Primarina
4,441,Richmond Reuniclus,Ferrothorn
4,430,Avalon Articunos,Stakataka
4,433,Memphis Metagross,Mimikyu
4,443,Evergarden Eevees,Hydreigon
4,444,Blank Team 2,Crobat
4,429,Simley Shelmets,Starmie
4,432,Infamous Rayquazas,Kyurem
4,439,Toronto Fire Chickens,Slowking
4,434,New England Primarinas,Nihilego
4,434,New England Primarinas,Ribombee
4,439,Toronto Fire Chickens,Sceptile-Mega
4,432,Infamous Rayquazas,Klefki
4,429,Simley Shelmets,Shaymin
4,444,Blank Team 2,Whimsicott
4,443,Evergarden Eevees,Tsareena
4,433,Memphis Metagross,Rotom-Wash
4,430,Avalon Articunos,Serperior
4,441,Richmond Reuniclus,Vaporeon
4,437,New York Gallades,Goodra
4,435,Galveston Gourgeist,Greninja
4,438,Columbus Tornadus,Cobalion
4,442,Charming Sylveon,Terrakion
4,431,Cape Town Krookodiles,Mamoswine
4,440,Colorado Mamoswine,Roserade
4,440,Colorado Mamoswine,Raichu-Alola
4,431,Cape Town Krookodiles,Salazzle
4,442,Charming Sylveon,Beedrill-Mega
4,438,Columbus Tornadus,Silvally
4,435,Galveston Gourgeist,Mienshao
4,437,New York Gallades,Kartana
4,441,Richmond Reuniclus,Manectric-Mega
4,430,Avalon Articunos,Emboar
4,433,Memphis Metagross,Donphan
4,443,Evergarden Eevees,Arcanine
4,444,Blank Team 2,Porygon2
4,429,Simley Shelmets,Heracross-Mega
4,432,Infamous Rayquazas,Zeraora
4,439,Toronto Fire Chickens,Lanturn
4,434,New England Primarinas,Virizion
4,434,New England Primarinas,Bronzong
4,439,Toronto Fire Chickens,Porygon2
4,432,Infamous Rayquazas,Conkeldurr
4,429,Simley Shelmets,Darmanitan
4,444,Blank Team 2,Magnezone
4,443,Evergarden Eevees,Garchomp-Mega
4,433,Memphis Metagross,Hitmonlee
4,430,Avalon Articunos,Cofagrigus
4,441,Richmond Reuniclus,Krookodile
4,437,New York Gallades,Umbreon
4,435,Galveston Gourgeist,Alomomola
4,438,Columbus Tornadus,Venusaur-Mega
4,442,Charming Sylveon,Muk-Alola
4,431,Cape Town Krookodiles,Haxorus
4,440,Colorado Mamoswine,Lickilicky
4,440,Colorado Mamoswine,Hawlucha
4,431,Cape Town Krookodiles,Dhelmise
4,442,Charming Sylveon,Chandelure
4,438,Columbus Tornadus,Galvantula
4,435,Galveston Gourgeist,Unfezant
4,437,New York Gallades,Gligar
4,441,Richmond Reuniclus,Gengar
4,430,Avalon Articunos,Sharpedo-Mega
4,433,Memphis Metagross,Drapion
4,443,Evergarden Eevees,Espeon
4,444,Blank Team 2,Registeel
4,429,Simley Shelmets,Doublade
4,432,Infamous Rayquazas,Venusaur
4,439,Toronto Fire Chickens,Tangrowth
4,434,New England Primarinas,Kingdra
4,434,New England Primarinas,Houndoom-Mega
4,439,Toronto Fire Chickens,Skarmory
4,432,Infamous Rayquazas,Tauros
4,429,Simley Shelmets,Aromatisse
4,444,Blank Team 2,Emboar
4,443,Evergarden Eevees,Weezing
4,433,Memphis Metagross,Amoonguss
4,430,Avalon Articunos,Uxie
4,441,Richmond Reuniclus,Hitmontop
4,437,New York Gallades,Eelektross
4,435,Galveston Gourgeist,Gourgeist
4,438,Columbus Tornadus,Mandibuzz
4,442,Charming Sylveon,Tangela
4,431,Cape Town Krookodiles,Quagsire
4,440,Colorado Mamoswine,Jellicent
4,440,Colorado Mamoswine,Steelix-Mega
4,431,Cape Town Krookodiles,Pidgeot-Mega
4,442,Charming Sylveon,Swellow
4,438,Columbus Tornadus,Cresselia
4,435,Galveston Gourgeist,Miltank
4,437,New York Gallades,Nidoqueen
4,441,Richmond Reuniclus,Masquerain
4,430,Avalon Articunos,Piloswine
4,433,Memphis Metagross,Entei
4,443,Evergarden Eevees,Primeape
4,444,Blank Team 2,Cradily
4,429,Simley Shelmets,Noivern
4,432,Infamous Rayquazas,Swampert
4,439,Toronto Fire Chickens,Blissey
4,434,New England Primarinas,Mesprit
4,434,New England Primarinas,Beartic
4,439,Toronto Fire Chickens,Jirachi
4,432,Infamous Rayquazas,Claydol
4,429,Simley Shelmets,Rotom-Heat
4,444,Blank Team 2,Absol-Mega
4,443,Evergarden Eevees,Archeops
4,433,Memphis Metagross,Musharna
4,430,Avalon Articunos,Dragalge
4,441,Richmond Reuniclus,Lycanroc-Dusk
4,437,New York Gallades,Shuckle
4,435,Galveston Gourgeist,Glalie-Mega
4,438,Columbus Tornadus,Armaldo
4,442,Charming Sylveon,Heliolisk
4,431,Cape Town Krookodiles,Gurdurr
4,440,Colorado Mamoswine,Sandslash
4,440,Colorado Mamoswine,Golbat
4,431,Cape Town Krookodiles,Raichu
4,442,Charming Sylveon,Aerodactyl
4,438,Columbus Tornadus,Kecleon
4,435,Galveston Gourgeist,Tornadus-Therian
4,437,New York Gallades,Haunter
4,441,Richmond Reuniclus,Zangoose
4,430,Avalon Articunos,Ditto
4,433,Memphis Metagross,Golem
4,443,Evergarden Eevees,Jolteon
4,444,Blank Team 2,Dusknoir
4,429,Simley Shelmets,Rampardos
4,432,Infamous Rayquazas,Regirock
4,439,Toronto Fire Chickens,Heracross
4,434,New England Primarinas,Landorus-Therian